1,positive,1positive
2,negative,2negative
3,positive,3positive
4,negative,4negative
5,positive,5positive
6,positive,6positive
7,positive,7positive
8,positive,8positive
9,positive,9positive
10,positive,10positive
11,positive,11positive
12,negative,12negative
13,positive,13positive
14,negative,14negative
15,negative,15negative
16,negative,16negative
17,negative,17negative
18,positive,18positive
19,negative,19negative
20,negative,20negative
21,positive,21positive
22,negative,22negative
23,negative,23negative
24,negative,24negative
25,positive,25positive
26,positive,26positive
27,negative,27negative
28,negative,28negative
29,positive,29positive
30,positive,30positive
31,positive,31positive
32,positive,32positive
33,positive,33positive
34,positive,34positive
35,negative,35negative
36,negative,36negative
37,positive,37positive
38,positive,38positive
39,positive,39positive
40,positive,40positive
41,positive,41positive
42,positive,42positive
43,positive,43positive
44,positive,44positive
45,positive,45positive
46,negative,46negative
47,positive,47positive
48,positive,48positive
49,neutral,49neutral
50,negative,50negative
51,positive,51positive
52,positive,52positive
53,positive,53positive
54,positive,54positive
55,positive,55positive
56,positive,56positive
57,positive,57positive
58,positive,58positive
59,negative,59negative
60,positive,60positive
61,positive,61positive
62,negative,62negative
63,neutral,63neutral
64,negative,64negative
65,positive,65positive
66,positive,66positive
67,positive,67positive
68,positive,68positive
69,positive,69positive
70,neutral,70neutral
71,neutral,71neutral
72,negative,72negative
73,positive,73positive
74,positive,74positive
75,negative,75negative
76,positive,76positive
77,positive,77positive
78,positive,78positive
79,negative,79negative
80,positive,80positive
81,positive,81positive
82,positive,82positive
83,positive,83positive
84,negative,84negative
85,negative,85negative
86,positive,86positive
87,negative,87negative
88,positive,88positive
89,positive,89positive
90,positive,90positive
91,positive,91positive
92,negative,92negative
93,positive,93positive
94,positive,94positive
95,positive,95positive
96,positive,96positive
97,positive,97positive
98,positive,98positive
99,negative,99negative
100,positive,100positive
101,positive,101positive
102,positive,102positive
103,positive,103positive
104,positive,104positive
105,positive,105positive
106,positive,106positive
107,positive,107positive
108,negative,108negative
109,positive,109positive
110,positive,110positive
111,positive,111positive
112,positive,112positive
113,positive,113positive
114,positive,114positive
115,positive,115positive
116,negative,116negative
117,positive,117positive
118,positive,118positive
119,positive,119positive
120,positive,120positive
121,positive,121positive
122,negative,122negative
123,positive,123positive
124,positive,124positive
125,positive,125positive
126,negative,126negative
127,positive,127positive
128,positive,128positive
129,positive,129positive
130,positive,130positive
131,positive,131positive
132,positive,132positive
133,positive,133positive
134,negative,134negative
135,negative,135negative
136,positive,136positive
137,positive,137positive
138,positive,138positive
139,positive,139positive
140,positive,140positive
141,positive,141positive
142,negative,142negative
143,positive,143positive
144,negative,144negative
145,positive,145positive
146,negative,146negative
147,positive,147positive
148,positive,148positive
149,positive,149positive
150,positive,150positive
151,positive,151positive
152,positive,152positive
153,positive,153positive
154,positive,154positive
155,negative,155negative
156,positive,156positive
157,positive,157positive
158,positive,158positive
159,positive,159positive
160,positive,160positive
161,positive,161positive
162,negative,162negative
163,negative,163negative
164,positive,164positive
165,negative,165negative
166,negative,166negative
167,positive,167positive
168,positive,168positive
169,positive,169positive
170,positive,170positive
171,negative,171negative
172,negative,172negative
173,positive,173positive
174,positive,174positive
175,positive,175positive
176,positive,176positive
177,negative,177negative
178,positive,178positive
179,positive,179positive
180,negative,180negative
181,positive,181positive
182,positive,182positive
183,positive,183positive
184,positive,184positive
185,negative,185negative
186,positive,186positive
187,positive,187positive
188,negative,188negative
189,positive,189positive
190,positive,190positive
191,positive,191positive
192,negative,192negative
193,negative,193negative
194,negative,194negative
195,positive,195positive
196,neutral,196neutral
197,positive,197positive
198,positive,198positive
199,negative,199negative
200,neutral,200neutral
201,negative,201negative
202,positive,202positive
203,positive,203positive
204,negative,204negative
205,negative,205negative
206,positive,206positive
207,positive,207positive
208,positive,208positive
209,positive,209positive
210,positive,210positive
211,negative,211negative
212,positive,212positive
213,positive,213positive
214,neutral,214neutral
215,positive,215positive
216,positive,216positive
217,positive,217positive
218,neutral,218neutral
219,positive,219positive
220,positive,220positive
221,positive,221positive
222,positive,222positive
223,negative,223negative
224,negative,224negative
225,positive,225positive
226,positive,226positive
227,positive,227positive
228,positive,228positive
229,negative,229negative
230,positive,230positive
231,negative,231negative
232,positive,232positive
233,negative,233negative
234,positive,234positive
235,positive,235positive
236,positive,236positive
237,positive,237positive
238,negative,238negative
239,positive,239positive
240,positive,240positive
241,negative,241negative
242,positive,242positive
243,negative,243negative
244,negative,244negative
245,negative,245negative
246,positive,246positive
247,positive,247positive
248,positive,248positive
249,positive,249positive
250,positive,250positive
251,negative,251negative
252,positive,252positive
253,positive,253positive
254,positive,254positive
255,positive,255positive
256,negative,256negative
257,positive,257positive
258,positive,258positive
259,negative,259negative
260,negative,260negative
261,positive,261positive
262,negative,262negative
263,positive,263positive
264,positive,264positive
265,negative,265negative
266,positive,266positive
267,negative,267negative
268,positive,268positive
269,positive,269positive
270,neutral,270neutral
271,negative,271negative
272,positive,272positive
273,positive,273positive
274,negative,274negative
275,negative,275negative
276,positive,276positive
277,negative,277negative
278,positive,278positive
279,positive,279positive
280,neutral,280neutral
281,negative,281negative
282,positive,282positive
283,positive,283positive
284,neutral,284neutral
285,positive,285positive
286,negative,286negative
287,negative,287negative
288,negative,288negative
289,positive,289positive
290,positive,290positive
291,positive,291positive
292,positive,292positive
293,positive,293positive
294,positive,294positive
295,positive,295positive
296,positive,296positive
297,positive,297positive
298,positive,298positive
299,positive,299positive
300,negative,300negative
301,positive,301positive
302,positive,302positive
303,positive,303positive
304,positive,304positive
305,negative,305negative
306,negative,306negative
307,positive,307positive
308,positive,
309,positive,
310,positive,
311,neutral,
312,positive,
313,positive,
314,positive,
315,positive,
316,positive,
317,negative,
318,positive,
319,positive,
320,positive,
321,positive,
322,positive,
323,negative,
324,positive,
325,negative,
326,positive,
327,positive,
328,positive,
329,neutral,
330,positive,
331,neutral,
332,positive,
333,positive,
334,positive,
335,positive,
336,negative,
337,neutral,
338,positive,
339,negative,
340,positive,
341,neutral,
342,positive,
343,positive,
344,negative,
345,negative,
346,positive,
347,positive,
348,positive,
349,positive,
350,negative,
351,positive,
352,positive,
353,positive,
354,negative,
355,positive,
356,positive,
357,positive,
358,positive,
359,negative,
360,positive,
361,positive,
362,negative,
363,positive,
364,positive,
365,positive,
366,negative,
367,positive,
368,negative,
369,positive,
370,negative,
371,negative,
372,negative,
373,positive,
374,positive,
375,positive,
376,positive,
377,negative,
378,positive,
379,positive,
380,positive,
381,positive,
382,positive,
383,positive,
384,positive,
385,positive,
386,positive,
387,negative,
388,positive,
389,positive,
390,neutral,
391,positive,
392,positive,
393,positive,
394,positive,
395,negative,
396,negative,
397,negative,
398,negative,
399,negative,
400,positive,
401,negative,
402,positive,
403,positive,
404,positive,
405,positive,
406,positive,
407,positive,
408,positive,
409,positive,
410,positive,
411,negative,
412,positive,
413,negative,
414,positive,
415,positive,
416,negative,
417,positive,
418,positive,
419,negative,
420,positive,
421,positive,
422,negative,
423,positive,
424,negative,
425,positive,
426,negative,
427,positive,
428,positive,
429,positive,
430,negative,
431,positive,
432,negative,
433,positive,
434,negative,
435,positive,
436,positive,
437,negative,
438,negative,
439,negative,
440,positive,
441,negative,
442,positive,
443,negative,
444,positive,
445,negative,
446,positive,
447,positive,
448,negative,
449,negative,
450,positive,
451,positive,
452,positive,
453,positive,
454,positive,
455,negative,
456,neutral,
457,negative,
458,positive,
459,positive,
460,positive,
461,positive,
462,positive,
463,positive,
464,negative,
465,positive,
466,negative,
467,negative,
468,positive,
469,positive,
470,negative,
471,positive,
472,positive,
473,positive,
474,negative,
475,positive,
476,positive,
477,positive,
478,positive,
479,negative,
480,positive,
481,positive,
482,neutral,
483,positive,
484,negative,
485,positive,
486,positive,
487,neutral,
488,positive,
489,positive,
490,negative,
491,positive,
492,positive,
493,negative,
494,negative,
495,positive,
496,positive,
497,negative,
498,negative,
499,positive,
500,positive,
501,positive,
502,negative,
503,positive,
504,negative,
505,positive,
506,negative,
507,positive,
508,negative,
509,positive,
510,positive,
511,negative,
512,negative,
513,negative,
514,positive,
515,negative,
516,positive,
517,positive,
518,positive,
519,negative,
520,positive,
521,positive,
522,negative,
523,positive,
524,positive,
525,neutral,
526,positive,
527,negative,
528,negative,
529,positive,
530,positive,
531,positive,
532,negative,
533,positive,
534,positive,
535,positive,
536,positive,
537,positive,
538,negative,
539,negative,
540,negative,
541,neutral,
542,positive,
543,positive,
544,positive,
545,negative,
546,positive,
547,positive,
548,positive,
549,positive,
550,neutral,
551,positive,
552,neutral,
553,neutral,
554,positive,
555,positive,
556,positive,
557,positive,
558,positive,
559,negative,
560,negative,
561,negative,
562,positive,
563,negative,
564,positive,
565,positive,
566,negative,
567,positive,
568,positive,
569,negative,
570,positive,
571,positive,
572,positive,
573,positive,
574,positive,
575,positive,
576,negative,
577,negative,
578,positive,
579,neutral,
580,negative,
581,negative,
582,neutral,
583,negative,
584,positive,
585,positive,
586,positive,
587,positive,
588,positive,
589,positive,
590,positive,
591,positive,
592,positive,
593,negative,
594,positive,
595,positive,
596,positive,
597,positive,
598,negative,
599,neutral,
600,positive,
601,positive,
602,positive,
603,negative,
604,positive,
605,positive,
606,positive,
607,positive,
608,positive,
609,positive,
610,positive,
611,positive,
612,negative,
613,positive,
614,positive,
615,positive,
616,positive,
617,positive,
618,positive,
619,positive,
620,positive,
621,negative,
622,negative,
623,positive,
624,negative,
625,positive,
626,positive,
627,negative,
628,positive,
629,negative,
630,negative,
631,positive,
632,positive,
633,positive,
634,negative,
635,negative,
636,positive,
637,positive,
638,positive,
639,positive,
640,positive,
641,positive,
642,positive,
643,neutral,
644,positive,
645,negative,
646,positive,
647,positive,
648,positive,
649,negative,
650,positive,
651,positive,
652,negative,
653,positive,
654,negative,
655,positive,
656,positive,
657,positive,
658,positive,
659,positive,
660,positive,
661,positive,
662,neutral,
663,positive,
664,positive,
665,positive,
666,positive,
667,positive,
668,positive,
669,positive,
670,neutral,
671,positive,
672,positive,
673,positive,
674,positive,
675,positive,
676,positive,
677,positive,
678,positive,
679,negative,
680,negative,
681,positive,
682,negative,
683,neutral,
684,negative,
685,negative,
686,positive,
687,positive,
688,positive,
689,positive,
690,positive,
691,positive,
692,positive,
693,neutral,
694,positive,
695,positive,
696,negative,
697,negative,
698,positive,
699,positive,
700,negative,
701,negative,
702,negative,
703,positive,
704,positive,
705,positive,
706,positive,
707,positive,
708,negative,
709,negative,
710,positive,
711,positive,
712,positive,
713,negative,
714,positive,
715,negative,
716,positive,
717,positive,
718,negative,
719,positive,
720,positive,
721,positive,
722,positive,
723,positive,
724,neutral,
725,positive,
726,positive,
727,positive,
728,positive,
729,positive,
730,negative,
731,neutral,
732,positive,
733,positive,
734,positive,
735,positive,
736,positive,
737,positive,
738,positive,
739,positive,
740,neutral,
741,positive,
742,negative,
743,negative,
744,negative,
745,negative,
746,positive,
747,positive,
748,positive,
749,positive,
750,negative,
751,negative,
752,negative,
753,negative,
754,positive,
755,negative,
756,positive,
757,positive,
758,positive,
759,negative,
760,negative,
761,positive,
762,positive,
763,positive,
764,positive,
765,positive,
766,negative,
767,positive,
768,positive,
769,positive,
770,positive,
771,positive,
772,positive,
773,positive,
774,positive,
775,positive,
776,negative,
777,positive,
778,positive,
779,negative,
780,neutral,
781,negative,
782,positive,
783,positive,
784,positive,
785,positive,
786,negative,
787,negative,
788,positive,
789,negative,
790,positive,
791,positive,
792,positive,
793,positive,
794,positive,
795,positive,
796,positive,
797,negative,
798,positive,
799,positive,
800,positive,
801,negative,
802,positive,
803,positive,
804,positive,
805,positive,
806,negative,
807,positive,
808,negative,
809,positive,
810,positive,
811,positive,
812,positive,
813,negative,
814,positive,
815,positive,
816,positive,
817,positive,
818,positive,
819,positive,
820,positive,
821,positive,
822,negative,
823,positive,
824,positive,
825,positive,
826,positive,
827,positive,
828,positive,
829,negative,
830,neutral,
831,negative,
832,neutral,
833,negative,
834,negative,
835,negative,
836,positive,
837,positive,
838,positive,
839,positive,
840,negative,
841,positive,
842,negative,
843,positive,
844,negative,
845,positive,
846,positive,
847,positive,
848,positive,
849,positive,
850,positive,
851,positive,
852,positive,
853,positive,
854,negative,
855,positive,
856,positive,
857,negative,
858,positive,
859,negative,
860,positive,
861,negative,
862,positive,
863,positive,
864,neutral,
865,negative,
866,positive,
867,neutral,
868,negative,
869,positive,
870,positive,
871,positive,
872,positive,
873,negative,
874,positive,
875,positive,
876,positive,
877,positive,
878,negative,
879,positive,
880,positive,
881,negative,
882,positive,
883,positive,
884,neutral,
885,neutral,
886,positive,
887,positive,
888,negative,
889,positive,
890,positive,
891,negative,
892,positive,
893,positive,
894,positive,
895,positive,
896,positive,
897,neutral,
898,positive,
899,positive,
900,neutral,
901,positive,
902,negative,
903,negative,
904,positive,
905,neutral,
906,positive,
907,negative,
908,positive,
909,negative,
910,neutral,
911,positive,
912,negative,
913,positive,
914,positive,
915,negative,
916,positive,
917,positive,
918,negative,
919,positive,
920,positive,
921,negative,
922,positive,
923,positive,
924,positive,
925,negative,
926,negative,
927,negative,
928,positive,
929,negative,
930,positive,
931,positive,
932,negative,
933,negative,
934,positive,
935,negative,
936,positive,
937,positive,
938,positive,
939,positive,
940,negative,
941,positive,
942,positive,
943,positive,
944,positive,
945,positive,
946,positive,
947,positive,
948,positive,
949,positive,
950,positive,
951,negative,
952,positive,
953,negative,
954,negative,
955,positive,
956,negative,
957,positive,
958,positive,
959,negative,
960,positive,
961,negative,
962,positive,
963,positive,
964,positive,
965,positive,
966,positive,
967,negative,
968,positive,
969,negative,
970,positive,
971,positive,
972,positive,
973,positive,
974,negative,
975,negative,
976,positive,
977,positive,
978,negative,
979,positive,
980,positive,
981,positive,
982,positive,
983,positive,
984,positive,
985,positive,
986,positive,
987,positive,
988,positive,
989,positive,
990,positive,
991,negative,
992,positive,
993,positive,
994,negative,
995,positive,
996,negative,
997,positive,
998,positive,
999,positive,
1000,positive,
1001,negative,
1002,positive,
1003,positive,
1004,positive,
1005,negative,
1006,positive,
1007,positive,
1008,negative,
1009,positive,
1010,positive,
1011,negative,
1012,positive,
1013,negative,
1014,negative,
1015,positive,
1016,negative,
1017,negative,
1018,positive,
1019,positive,
1020,negative,
1021,positive,
1022,positive,
1023,positive,
1024,positive,
1025,positive,
1026,positive,
1027,negative,
1028,positive,
1029,positive,
1030,positive,
1031,positive,
1032,negative,
1033,positive,
1034,positive,
1035,positive,
1036,negative,
1037,negative,
1038,negative,
1039,positive,
1040,negative,
1041,positive,
1042,positive,
1043,positive,
1044,negative,
1045,positive,
1046,negative,
1047,positive,
1048,positive,
1049,positive,
1050,positive,
1051,positive,
1052,neutral,
1053,negative,
1054,positive,
1055,positive,
1056,positive,
1057,negative,
1058,positive,
1059,positive,
1060,positive,
1061,negative,
1062,positive,
1063,negative,
1064,positive,
1065,positive,
1066,positive,
1067,positive,
1068,negative,
1069,positive,
1070,positive,
1071,positive,
1072,positive,
1073,positive,
1074,positive,
1075,positive,
1076,positive,
1077,positive,
1078,positive,
1079,negative,
1080,positive,
1081,positive,
1082,positive,
1083,positive,
1084,positive,
1085,positive,
1086,positive,
1087,positive,
1088,positive,
1089,positive,
1090,negative,
1091,positive,
1092,positive,
1093,negative,
1094,positive,
1095,negative,
1096,negative,
1097,positive,
1098,neutral,
1099,positive,
1100,positive,
1101,positive,
1102,negative,
1103,positive,
1104,positive,
1105,neutral,
1106,positive,
1107,positive,
1108,positive,
1109,negative,
1110,positive,
1111,negative,
1112,negative,
1113,positive,
1114,positive,
1115,negative,
1116,negative,
1117,negative,
1118,negative,
1119,positive,
1120,negative,
1121,negative,
1122,negative,
1123,negative,
1124,negative,
1125,negative,
1126,positive,
1127,positive,
1128,negative,
1129,negative,
1130,negative,
1131,positive,
1132,positive,
1133,positive,
1134,positive,
1135,positive,
1136,negative,
1137,positive,
1138,positive,
1139,positive,
1140,positive,
1141,negative,
1142,negative,
1143,positive,
1144,positive,
1145,negative,
1146,positive,
1147,negative,
1148,positive,
1149,positive,
1150,positive,
1151,positive,
1152,negative,
1153,negative,
1154,positive,
1155,positive,
1156,positive,
1157,negative,
1158,positive,
1159,negative,
1160,positive,
1161,positive,
1162,positive,
1163,positive,
1164,positive,
1165,positive,
1166,positive,
1167,positive,
1168,positive,
1169,positive,
1170,negative,
1171,positive,
1172,negative,
1173,positive,
1174,negative,
1175,positive,
1176,positive,
1177,negative,
1178,neutral,
1179,positive,
1180,positive,
1181,negative,
1182,negative,
1183,positive,
1184,positive,
1185,positive,
1186,positive,
1187,positive,
1188,negative,
1189,positive,
1190,positive,
1191,positive,
1192,negative,
1193,negative,
1194,positive,
1195,negative,
1196,positive,
1197,positive,
1198,positive,
1199,negative,
1200,positive,
1201,positive,
1202,positive,
1203,positive,
1204,positive,
1205,negative,
1206,positive,
1207,negative,
1208,negative,
1209,positive,
1210,neutral,
1211,negative,
1212,negative,
1213,positive,
1214,positive,
1215,positive,
1216,positive,
1217,negative,
1218,positive,
1219,negative,
1220,positive,
1221,positive,
1222,negative,
1223,positive,
1224,positive,
1225,negative,
1226,negative,
1227,positive,
1228,negative,
1229,positive,
1230,positive,
1231,positive,
1232,neutral,
1233,positive,
1234,positive,
1235,positive,
1236,positive,
1237,negative,
1238,positive,
1239,positive,
1240,positive,
1241,positive,
1242,positive,
1243,positive,
1244,negative,
1245,positive,
1246,positive,
1247,positive,
1248,positive,
1249,positive,
1250,positive,
1251,positive,
1252,positive,
1253,neutral,
1254,negative,
1255,neutral,
1256,positive,
1257,positive,
1258,negative,
1259,positive,
1260,negative,
1261,positive,
1262,positive,
1263,positive,
1264,negative,
1265,negative,
1266,negative,
1267,negative,
1268,positive,
1269,negative,
1270,positive,
1271,positive,
1272,positive,
1273,positive,
1274,neutral,
1275,positive,
1276,positive,
1277,negative,
1278,positive,
1279,neutral,
1280,negative,
1281,positive,
1282,positive,
1283,positive,
1284,negative,
1285,negative,
1286,positive,
1287,negative,
1288,negative,
1289,positive,
1290,negative,
1291,negative,
1292,positive,
1293,negative,
1294,positive,
1295,negative,
1296,negative,
1297,negative,
1298,positive,
1299,negative,
1300,negative,
1301,negative,
1302,positive,
1303,positive,
1304,positive,
1305,positive,
1306,positive,
1307,positive,
1308,positive,
1309,positive,
1310,positive,
1311,positive,
1312,positive,
1313,positive,
1314,positive,
1315,positive,
1316,positive,
1317,positive,
1318,positive,
1319,positive,
1320,positive,
1321,positive,
1322,positive,
1323,positive,
1324,negative,
1325,negative,
1326,positive,
1327,negative,
1328,positive,
1329,negative,
1330,negative,
1331,negative,
1332,positive,
1333,positive,
1334,positive,
1335,positive,
1336,positive,
1337,positive,
1338,positive,
1339,positive,
1340,negative,
1341,positive,
1342,positive,
1343,positive,
1344,positive,
1345,positive,
1346,positive,
1347,positive,
1348,negative,
1349,negative,
1350,negative,
1351,negative,
1352,positive,
1353,negative,
1354,positive,
1355,negative,
1356,positive,
1357,negative,
1358,positive,
1359,negative,
1360,positive,
1361,negative,
1362,positive,
1363,positive,
1364,negative,
1365,positive,
1366,negative,
1367,negative,
1368,negative,
1369,positive,
1370,negative,
1371,negative,
1372,negative,
1373,positive,
1374,positive,
1375,negative,
1376,positive,
1377,positive,
1378,positive,
1379,positive,
1380,positive,
1381,positive,
1382,negative,
1383,positive,
1384,positive,
1385,positive,
1386,negative,
1387,positive,
1388,positive,
1389,negative,
1390,negative,
1391,negative,
1392,negative,
1393,negative,
1394,positive,
1395,positive,
1396,negative,
1397,positive,
1398,negative,
1399,positive,
1400,positive,
1401,negative,
1402,negative,
1403,positive,
1404,negative,
1405,neutral,
1406,positive,
1407,positive,
1408,positive,
1409,positive,
1410,positive,
1411,negative,
1412,positive,
1413,negative,
1414,positive,
1415,negative,
1416,positive,
1417,neutral,
1418,positive,
1419,positive,
1420,negative,
1421,positive,
1422,negative,
1423,positive,
1424,positive,
1425,positive,
1426,positive,
1427,positive,
1428,positive,
1429,negative,
1430,positive,
1431,positive,
1432,positive,
1433,positive,
1434,positive,
1435,negative,
1436,positive,
1437,positive,
1438,positive,
1439,positive,
1440,negative,
1441,positive,
1442,neutral,
1443,negative,
1444,positive,
1445,negative,
1446,positive,
1447,positive,
1448,positive,
1449,positive,
1450,negative,
1451,positive,
1452,negative,
1453,neutral,
1454,negative,
1455,positive,
1456,positive,
1457,positive,
1458,positive,
1459,positive,
1460,negative,
1461,positive,
1462,negative,
1463,positive,
1464,positive,
1465,positive,
1466,positive,
1467,positive,
1468,positive,
1469,positive,
1470,positive,
1471,positive,
1472,positive,
1473,positive,
1474,negative,
1475,negative,
1476,positive,
1477,positive,
1478,negative,
1479,negative,
1480,positive,
1481,positive,
1482,positive,
1483,positive,
1484,positive,
1485,positive,
1486,positive,
1487,positive,
1488,positive,
1489,positive,
1490,positive,
1491,neutral,
1492,negative,
1493,positive,
1494,positive,
1495,positive,
1496,neutral,
1497,positive,
1498,positive,
1499,positive,
1500,positive,
1501,positive,
1502,negative,
1503,positive,
1504,positive,
1505,positive,
1506,negative,
1507,positive,
1508,negative,
1509,positive,
1510,negative,
1511,positive,
1512,positive,
1513,positive,
1514,negative,
1515,negative,
1516,negative,
1517,positive,
1518,positive,
1519,negative,
1520,positive,
1521,negative,
1522,negative,
1523,positive,
1524,negative,
1525,positive,
1526,positive,
1527,positive,
1528,positive,
1529,neutral,
1530,positive,
1531,positive,
1532,negative,
1533,positive,
1534,negative,
1535,negative,
1536,positive,
1537,positive,
1538,positive,
1539,positive,
1540,positive,
1541,positive,
1542,positive,
1543,negative,
1544,positive,
1545,positive,
1546,negative,
1547,negative,
1548,negative,
1549,positive,
1550,positive,
1551,negative,
1552,positive,
1553,positive,
1554,positive,
1555,positive,
1556,neutral,
1557,positive,
1558,positive,
1559,negative,
1560,negative,
1561,positive,
1562,positive,
1563,positive,
1564,positive,
1565,positive,
1566,positive,
1567,negative,
1568,positive,
1569,negative,
1570,negative,
1571,positive,
1572,positive,
1573,neutral,
1574,negative,
1575,positive,
1576,negative,
1577,negative,
1578,positive,
1579,negative,
1580,negative,
1581,positive,
1582,negative,
1583,positive,
1584,positive,
1585,negative,
1586,positive,
1587,positive,
1588,positive,
1589,positive,
1590,positive,
1591,negative,
1592,positive,
1593,positive,
1594,positive,
1595,positive,
1596,positive,
1597,negative,
1598,negative,
1599,positive,
1600,negative,
1601,positive,
1602,positive,
1603,negative,
1604,positive,
1605,negative,
1606,positive,
1607,positive,
1608,neutral,
1609,negative,
1610,positive,
1611,negative,
1612,positive,
1613,positive,
1614,positive,
1615,negative,
1616,positive,
1617,negative,
1618,positive,
1619,positive,
1620,positive,
1621,negative,
1622,positive,
1623,neutral,
1624,positive,
1625,positive,
1626,positive,
1627,negative,
1628,positive,
1629,positive,
1630,positive,
1631,positive,
1632,positive,
1633,positive,
1634,positive,
1635,positive,
1636,positive,
1637,positive,
1638,positive,
1639,negative,
1640,positive,
1641,positive,
1642,positive,
1643,neutral,
1644,positive,
1645,positive,
1646,neutral,
1647,negative,
1648,positive,
1649,positive,
1650,positive,
1651,positive,
1652,negative,
1653,positive,
1654,positive,
1655,positive,
1656,negative,
1657,negative,
1658,negative,
1659,negative,
1660,positive,
1661,negative,
1662,positive,
1663,positive,
1664,positive,
1665,positive,
1666,positive,
1667,negative,
1668,neutral,
1669,negative,
1670,positive,
1671,negative,
1672,positive,
1673,positive,
1674,positive,
1675,positive,
1676,positive,
1677,positive,
1678,positive,
1679,negative,
1680,positive,
1681,negative,
1682,positive,
1683,positive,
1684,positive,
1685,negative,
1686,positive,
1687,neutral,
1688,negative,
1689,positive,
1690,negative,
1691,positive,
1692,positive,
1693,positive,
1694,positive,
1695,positive,
1696,negative,
1697,positive,
1698,positive,
1699,positive,
1700,positive,
1701,positive,
1702,negative,
1703,negative,
1704,neutral,
1705,positive,
1706,positive,
1707,positive,
1708,positive,
1709,positive,
1710,negative,
1711,negative,
1712,positive,
1713,positive,
1714,neutral,
1715,positive,
1716,positive,
1717,neutral,
1718,positive,
1719,positive,
1720,negative,
1721,negative,
1722,negative,
1723,negative,
1724,positive,
1725,positive,
1726,positive,
1727,negative,
1728,positive,
1729,positive,
1730,negative,
1731,positive,
1732,positive,
1733,negative,
1734,positive,
1735,positive,
1736,negative,
1737,negative,
1738,positive,
1739,negative,
1740,positive,
1741,negative,
1742,positive,
1743,positive,
1744,positive,
1745,positive,
1746,positive,
1747,positive,
1748,positive,
1749,positive,
1750,positive,
1751,negative,
1752,positive,
1753,negative,
1754,positive,
1755,positive,
1756,positive,
1757,positive,
1758,positive,
1759,negative,
1760,positive,
1761,negative,
1762,positive,
1763,positive,
1764,positive,
1765,positive,
1766,positive,
1767,positive,
1768,positive,
1769,positive,
1770,negative,
1771,neutral,
1772,positive,
1773,positive,
1774,positive,
1775,positive,
1776,positive,
1777,positive,
1778,positive,
1779,negative,
1780,positive,
1781,positive,
1782,positive,
1783,negative,
1784,positive,
1785,positive,
1786,negative,
1787,positive,
1788,negative,
1789,negative,
1790,positive,
1791,negative,
1792,positive,
1793,positive,
1794,positive,
1795,positive,
1796,negative,
1797,positive,
1798,negative,
1799,neutral,
1800,negative,
1801,positive,
1802,neutral,
1803,positive,
1804,neutral,
1805,positive,
1806,positive,
1807,negative,
1808,negative,
1809,positive,
1810,positive,
1811,negative,
1812,negative,
1813,negative,
1814,positive,
1815,positive,
1816,negative,
1817,negative,
1818,positive,
1819,positive,
1820,positive,
1821,positive,
1822,positive,
1823,positive,
1824,negative,
1825,positive,
1826,positive,
1827,neutral,
1828,negative,
1829,positive,
1830,negative,
1831,positive,
1832,positive,
1833,negative,
1834,positive,
1835,positive,
1836,positive,
1837,positive,
1838,positive,
1839,negative,
1840,negative,
1841,positive,
1842,positive,
1843,positive,
1844,positive,
1845,negative,
1846,positive,
1847,positive,
1848,negative,
1849,neutral,
1850,positive,
1851,positive,
1852,positive,
1853,positive,
1854,positive,
1855,positive,
1856,positive,
1857,negative,
1858,negative,
1859,negative,
1860,neutral,
1861,positive,
1862,negative,
1863,positive,
1864,negative,
1865,positive,
1866,positive,
1867,negative,
1868,neutral,
1869,negative,
1870,positive,
1871,positive,
1872,neutral,
1873,negative,
1874,neutral,
1875,positive,
1876,positive,
1877,positive,
1878,positive,
1879,negative,
1880,positive,
1881,positive,
1882,positive,
1883,positive,
1884,negative,
1885,negative,
1886,positive,
1887,positive,
1888,positive,
1889,negative,
1890,negative,
1891,positive,
1892,positive,
1893,negative,
1894,positive,
1895,positive,
1896,negative,
1897,positive,
1898,negative,
1899,positive,
1900,positive,
1901,positive,
1902,negative,
1903,positive,
1904,positive,
1905,positive,
1906,positive,
1907,positive,
1908,positive,
1909,positive,
1910,negative,
1911,positive,
1912,positive,
1913,positive,
1914,positive,
1915,neutral,
1916,positive,
1917,negative,
1918,positive,
1919,positive,
1920,positive,
1921,positive,
1922,negative,
1923,positive,
1924,positive,
1925,positive,
1926,positive,
1927,positive,
1928,positive,
1929,positive,
1930,negative,
1931,positive,
1932,negative,
1933,positive,
1934,positive,
1935,positive,
1936,positive,
1937,positive,
1938,positive,
1939,positive,
1940,positive,
1941,positive,
1942,positive,
1943,positive,
1944,positive,
1945,positive,
1946,positive,
1947,positive,
1948,negative,
1949,negative,
1950,positive,
1951,negative,
1952,positive,
1953,positive,
1954,positive,
1955,positive,
1956,positive,
1957,positive,
1958,negative,
1959,positive,
1960,neutral,
1961,positive,
1962,negative,
1963,negative,
1964,positive,
1965,positive,
1966,positive,
1967,positive,
1968,positive,
1969,positive,
1970,positive,
1971,positive,
1972,positive,
1973,positive,
1974,negative,
1975,positive,
1976,negative,
1977,positive,
1978,positive,
1979,positive,
1980,positive,
1981,positive,
1982,positive,
1983,positive,
1984,positive,
1985,positive,
1986,negative,
1987,positive,
1988,positive,
1989,negative,
1990,negative,
1991,negative,
1992,negative,
1993,positive,
1994,positive,
1995,positive,
1996,positive,
1997,positive,
1998,negative,
1999,positive,
2000,positive,
2001,positive,
2002,positive,
2003,positive,
2004,positive,
2005,negative,
2006,negative,
2007,negative,
2008,positive,
2009,positive,
2010,negative,
2011,negative,
2012,positive,
2013,negative,
2014,positive,
2015,positive,
2016,positive,
2017,positive,
2018,positive,
2019,negative,
2020,positive,
2021,positive,
2022,positive,
2023,negative,
2024,positive,
2025,positive,
2026,positive,
2027,positive,
2028,positive,
2029,positive,
2030,negative,
2031,negative,
2032,negative,
2033,negative,
2034,negative,
2035,positive,
2036,negative,
2037,neutral,
2038,positive,
2039,positive,
2040,positive,
2041,positive,
2042,negative,
2043,negative,
2044,positive,
2045,positive,
2046,positive,
2047,negative,
2048,positive,
2049,positive,
2050,negative,
2051,negative,
2052,positive,
2053,negative,
2054,positive,
2055,negative,
2056,positive,
2057,positive,
2058,negative,
2059,positive,
2060,positive,
2061,positive,
2062,negative,
2063,negative,
2064,positive,
2065,negative,
2066,positive,
2067,positive,
2068,positive,
2069,positive,
2070,positive,
2071,positive,
2072,positive,
2073,positive,
2074,positive,
2075,positive,
2076,positive,
2077,positive,
2078,positive,
2079,positive,
2080,positive,
2081,positive,
2082,positive,
2083,negative,
2084,neutral,
2085,positive,
2086,negative,
2087,negative,
2088,negative,
2089,negative,
2090,neutral,
2091,negative,
2092,positive,
2093,positive,
2094,positive,
2095,positive,
2096,positive,
2097,negative,
2098,positive,
2099,positive,
2100,positive,
2101,positive,
2102,positive,
2103,positive,
2104,negative,
2105,positive,
2106,positive,
2107,negative,
2108,positive,
2109,positive,
2110,negative,
2111,neutral,
2112,positive,
2113,positive,
2114,positive,
2115,positive,
2116,positive,
2117,negative,
2118,negative,
2119,positive,
2120,negative,
2121,positive,
2122,positive,
2123,positive,
2124,positive,
2125,positive,
2126,negative,
2127,positive,
2128,negative,
2129,positive,
2130,positive,
2131,positive,
2132,negative,
2133,negative,
2134,positive,
2135,positive,
2136,positive,
2137,positive,
2138,positive,
2139,negative,
2140,positive,
2141,positive,
2142,negative,
2143,positive,
2144,positive,
2145,neutral,
2146,negative,
2147,positive,
2148,positive,
2149,positive,
2150,positive,
2151,neutral,
2152,negative,
2153,positive,
2154,positive,
2155,negative,
2156,positive,
2157,positive,
2158,positive,
2159,positive,
2160,positive,
2161,positive,
2162,negative,
2163,positive,
2164,positive,
2165,negative,
2166,negative,
2167,negative,
2168,positive,
2169,neutral,
2170,positive,
2171,positive,
2172,positive,
2173,positive,
2174,positive,
2175,positive,
2176,positive,
2177,positive,
2178,positive,
2179,positive,
2180,positive,
2181,positive,
2182,negative,
2183,positive,
2184,negative,
2185,positive,
2186,positive,
2187,positive,
2188,positive,
2189,negative,
2190,negative,
2191,positive,
2192,positive,
2193,positive,
2194,positive,
2195,positive,
2196,negative,
2197,positive,
2198,negative,
2199,neutral,
2200,positive,
2201,positive,
2202,positive,
2203,negative,
2204,negative,
2205,positive,
2206,positive,
2207,negative,
2208,negative,
2209,positive,
2210,negative,
2211,positive,
2212,negative,
2213,positive,
2214,negative,
2215,positive,
2216,positive,
2217,positive,
2218,positive,
2219,negative,
2220,positive,
2221,positive,
2222,negative,
2223,positive,
2224,positive,
2225,positive,
2226,negative,
2227,neutral,
2228,negative,
2229,negative,
2230,negative,
2231,negative,
2232,positive,
2233,positive,
2234,negative,
2235,positive,
2236,positive,
2237,positive,
2238,negative,
2239,negative,
2240,positive,
2241,positive,
2242,positive,
2243,negative,
2244,positive,
2245,positive,
2246,positive,
2247,positive,
2248,positive,
2249,negative,
2250,positive,
2251,positive,
2252,positive,
2253,positive,
2254,negative,
2255,positive,
2256,neutral,
2257,positive,
2258,positive,
2259,positive,
2260,positive,
2261,positive,
2262,negative,
2263,positive,
2264,positive,
2265,positive,
2266,positive,
2267,negative,
2268,positive,
2269,negative,
2270,positive,
2271,negative,
2272,positive,
2273,negative,
2274,negative,
2275,positive,
2276,positive,
2277,positive,
2278,positive,
2279,positive,
2280,positive,
2281,negative,
2282,positive,
2283,positive,
2284,positive,
2285,positive,
2286,positive,
2287,positive,
2288,positive,
2289,positive,
2290,positive,
2291,negative,
2292,positive,
2293,positive,
2294,positive,
2295,positive,
2296,negative,
2297,positive,
2298,positive,
2299,positive,
2300,positive,
2301,positive,
2302,positive,
2303,neutral,
2304,positive,
2305,positive,
2306,positive,
2307,positive,
2308,positive,
2309,positive,
2310,positive,
2311,negative,
2312,positive,
2313,positive,
2314,negative,
2315,positive,
2316,negative,
2317,positive,
2318,positive,
2319,positive,
2320,positive,
2321,positive,
2322,positive,
2323,positive,
2324,positive,
2325,positive,
2326,negative,
2327,positive,
2328,positive,
2329,negative,
2330,positive,
2331,positive,
2332,positive,
2333,positive,
2334,positive,
2335,positive,
2336,positive,
2337,positive,
2338,negative,
2339,positive,
2340,positive,
2341,positive,
2342,positive,
2343,positive,
2344,positive,
2345,positive,
2346,negative,
2347,positive,
2348,positive,
2349,positive,
2350,negative,
2351,negative,
2352,negative,
2353,neutral,
2354,negative,
2355,negative,
2356,negative,
2357,positive,
2358,negative,
2359,negative,
2360,positive,
2361,positive,
2362,positive,
2363,positive,
2364,positive,
2365,neutral,
2366,positive,
2367,neutral,
2368,positive,
2369,negative,
2370,positive,
2371,positive,
2372,negative,
2373,positive,
2374,negative,
2375,positive,
2376,negative,
2377,positive,
2378,neutral,
2379,positive,
2380,positive,
2381,positive,
2382,positive,
2383,positive,
2384,positive,
2385,positive,
2386,positive,
2387,negative,
2388,negative,
2389,negative,
2390,neutral,
2391,positive,
2392,positive,
2393,positive,
2394,negative,
2395,negative,
2396,negative,
2397,positive,
2398,neutral,
2399,negative,
2400,positive,
2401,positive,
2402,positive,
2403,negative,
2404,positive,
2405,positive,
2406,negative,
2407,negative,
2408,negative,
2409,positive,
2410,positive,
2411,positive,
2412,positive,
2413,positive,
2414,negative,
2415,negative,
2416,positive,
2417,positive,
2418,positive,
2419,positive,
2420,positive,
2421,negative,
2422,positive,
2423,positive,
2424,neutral,
2425,positive,
2426,positive,
2427,negative,
2428,positive,
2429,negative,
2430,positive,
2431,positive,
2432,positive,
2433,positive,
2434,positive,
2435,positive,
2436,positive,
2437,positive,
2438,positive,
2439,negative,
2440,positive,
2441,negative,
2442,negative,
2443,positive,
2444,positive,
2445,negative,
2446,positive,
2447,neutral,
2448,negative,
2449,negative,
2450,positive,
2451,positive,
2452,positive,
2453,neutral,
2454,positive,
2455,positive,
2456,negative,
2457,positive,
2458,positive,
2459,negative,
2460,positive,
2461,positive,
2462,positive,
2463,positive,
2464,positive,
2465,negative,
2466,positive,
2467,negative,
2468,positive,
2469,positive,
2470,positive,
2471,positive,
2472,negative,
2473,positive,
2474,positive,
2475,negative,
2476,positive,
2477,positive,
2478,negative,
2479,positive,
2480,positive,
2481,positive,
2482,positive,
2483,positive,
2484,positive,
2485,neutral,
2486,positive,
2487,positive,
2488,positive,
2489,positive,
2490,positive,
2491,positive,
2492,positive,
2493,positive,
2494,positive,
2495,positive,
2496,positive,
2497,positive,
2498,positive,
2499,negative,
2500,negative,
2501,positive,
2502,positive,
2503,negative,
2504,positive,
2505,positive,
2506,positive,
2507,positive,
2508,positive,
2509,positive,
2510,negative,
2511,negative,
2512,negative,
2513,positive,
2514,negative,
2515,positive,
2516,positive,
2517,negative,
2518,negative,
2519,negative,
2520,positive,
2521,negative,
2522,positive,
2523,positive,
2524,positive,
2525,positive,
2526,positive,
2527,positive,
2528,negative,
2529,positive,
2530,positive,
2531,negative,
2532,positive,
2533,negative,
2534,positive,
2535,positive,
2536,negative,
2537,negative,
2538,neutral,
2539,positive,
2540,positive,
2541,positive,
2542,positive,
2543,negative,
2544,positive,
2545,positive,
2546,negative,
2547,negative,
2548,negative,
2549,positive,
2550,negative,
2551,positive,
2552,positive,
2553,positive,
2554,negative,
2555,positive,
2556,positive,
2557,positive,
2558,positive,
2559,positive,
2560,positive,
2561,positive,
2562,positive,
2563,positive,
2564,negative,
2565,negative,
2566,positive,
2567,positive,
2568,positive,
2569,positive,
2570,positive,
2571,negative,
2572,positive,
2573,positive,
2574,positive,
2575,positive,
2576,negative,
2577,neutral,
2578,negative,
2579,positive,
2580,positive,
2581,negative,
2582,positive,
2583,positive,
2584,positive,
2585,negative,
2586,negative,
2587,negative,
2588,positive,
2589,negative,
2590,neutral,
2591,negative,
2592,positive,
2593,negative,
2594,neutral,
2595,positive,
2596,positive,
2597,positive,
2598,negative,
2599,positive,
2600,positive,
2601,negative,
2602,positive,
2603,positive,
2604,negative,
2605,positive,
2606,positive,
2607,positive,
2608,negative,
2609,negative,
2610,positive,
2611,positive,
2612,positive,
2613,positive,
2614,negative,
2615,negative,
2616,positive,
2617,negative,
2618,positive,
2619,positive,
2620,positive,
2621,positive,
2622,positive,
2623,neutral,
2624,positive,
2625,neutral,
2626,positive,
2627,positive,
2628,positive,
2629,positive,
2630,positive,
2631,positive,
2632,positive,
2633,neutral,
2634,positive,
2635,positive,
2636,positive,
2637,negative,
2638,positive,
2639,positive,
2640,positive,
2641,positive,
2642,negative,
2643,negative,
2644,positive,
2645,positive,
2646,negative,
2647,negative,
2648,positive,
2649,positive,
2650,positive,
2651,negative,
2652,positive,
2653,negative,
2654,positive,
2655,positive,
2656,positive,
2657,positive,
2658,positive,
2659,positive,
2660,positive,
2661,negative,
2662,positive,
2663,positive,
2664,positive,
2665,positive,
2666,negative,
2667,positive,
2668,positive,
2669,positive,
2670,positive,
2671,negative,
2672,neutral,
2673,negative,
2674,negative,
2675,positive,
2676,positive,
2677,negative,
2678,neutral,
2679,neutral,
2680,positive,
2681,positive,
2682,negative,
2683,positive,
2684,negative,
2685,neutral,
2686,positive,
2687,negative,
2688,positive,
2689,positive,
2690,positive,
2691,positive,
2692,positive,
2693,negative,
2694,neutral,
2695,negative,
2696,positive,
2697,positive,
2698,positive,
2699,negative,
2700,neutral,
2701,positive,
2702,negative,
2703,positive,
2704,positive,
2705,positive,
2706,negative,
2707,negative,
2708,positive,
2709,positive,
2710,negative,
2711,positive,
2712,negative,
2713,positive,
2714,positive,
2715,positive,
2716,positive,
2717,positive,
2718,positive,
2719,positive,
2720,positive,
2721,positive,
2722,positive,
2723,positive,
2724,positive,
2725,neutral,
2726,neutral,
2727,positive,
2728,positive,
2729,positive,
2730,positive,
2731,positive,
2732,negative,
2733,positive,
2734,positive,
2735,positive,
2736,positive,
2737,negative,
2738,negative,
2739,positive,
2740,positive,
2741,positive,
2742,negative,
2743,neutral,
2744,neutral,
2745,positive,
2746,negative,
2747,positive,
2748,positive,
2749,positive,
2750,positive,
2751,positive,
2752,negative,
2753,positive,
2754,positive,
2755,negative,
2756,positive,
2757,negative,
2758,negative,
2759,positive,
2760,positive,
2761,positive,
2762,positive,
2763,positive,
2764,positive,
2765,positive,
2766,positive,
2767,positive,
2768,positive,
2769,negative,
2770,positive,
2771,positive,
2772,positive,
2773,positive,
2774,negative,
2775,positive,
2776,positive,
2777,positive,
2778,negative,
2779,negative,
2780,positive,
2781,negative,
2782,negative,
2783,negative,
2784,negative,
2785,positive,
2786,positive,
2787,negative,
2788,positive,
2789,positive,
2790,positive,
2791,neutral,
2792,positive,
2793,positive,
2794,negative,
2795,positive,
2796,positive,
2797,negative,
2798,negative,
2799,negative,
2800,positive,
2801,positive,
2802,positive,
2803,positive,
2804,positive,
2805,positive,
2806,negative,
2807,positive,
2808,positive,
2809,neutral,
2810,negative,
2811,positive,
2812,negative,
2813,positive,
2814,positive,
2815,negative,
2816,negative,
2817,positive,
2818,positive,
2819,positive,
2820,negative,
2821,positive,
2822,positive,
2823,positive,
2824,positive,
2825,positive,
2826,negative,
2827,positive,
2828,negative,
2829,positive,
2830,negative,
2831,positive,
2832,positive,
2833,negative,
2834,negative,
2835,positive,
2836,negative,
2837,positive,
2838,negative,
2839,positive,
2840,positive,
2841,positive,
2842,negative,
2843,negative,
2844,neutral,
2845,negative,
2846,positive,
2847,positive,
2848,negative,
2849,positive,
2850,positive,
2851,positive,
2852,negative,
2853,negative,
2854,negative,
2855,positive,
2856,negative,
2857,negative,
2858,positive,
2859,positive,
2860,positive,
2861,positive,
2862,negative,
2863,negative,
2864,negative,
2865,positive,
2866,positive,
2867,positive,
2868,negative,
2869,positive,
2870,positive,
2871,positive,
2872,negative,
2873,positive,
2874,negative,
2875,positive,
2876,negative,
2877,positive,
2878,positive,
2879,positive,
2880,positive,
2881,positive,
2882,positive,
2883,negative,
2884,negative,
2885,positive,
2886,negative,
2887,positive,
2888,positive,
2889,negative,
2890,negative,
2891,negative,
2892,negative,
2893,negative,
2894,positive,
2895,positive,
2896,positive,
2897,positive,
2898,positive,
2899,positive,
2900,negative,
2901,negative,
2902,positive,
2903,positive,
2904,positive,
2905,positive,
2906,positive,
2907,positive,
2908,positive,
2909,positive,
2910,negative,
2911,negative,
2912,positive,
2913,neutral,
2914,negative,
2915,positive,
2916,positive,
2917,negative,
2918,positive,
2919,positive,
2920,positive,
2921,negative,
2922,positive,
2923,positive,
2924,positive,
2925,positive,
2926,positive,
2927,negative,
2928,negative,
2929,negative,
2930,positive,
2931,positive,
2932,positive,
2933,negative,
2934,negative,
2935,negative,
2936,positive,
2937,positive,
2938,positive,
2939,positive,
2940,positive,
2941,positive,
2942,positive,
2943,positive,
2944,positive,
2945,negative,
2946,positive,
2947,negative,
2948,negative,
2949,positive,
2950,positive,
2951,negative,
2952,positive,
2953,positive,
2954,negative,
2955,positive,
2956,positive,
2957,positive,
2958,negative,
2959,positive,
2960,positive,
2961,positive,
2962,positive,
2963,positive,
2964,positive,
2965,positive,
2966,positive,
2967,positive,
2968,positive,
2969,positive,
2970,positive,
2971,negative,
2972,positive,
2973,positive,
2974,positive,
2975,positive,
2976,positive,
2977,negative,
2978,positive,
2979,positive,
2980,positive,
2981,positive,
2982,negative,
2983,positive,
2984,negative,
2985,positive,
2986,positive,
2987,negative,
2988,positive,
2989,positive,
2990,negative,
2991,positive,
2992,negative,
2993,positive,
2994,negative,
2995,positive,
2996,positive,
2997,negative,
2998,positive,
2999,negative,
3000,negative,
3001,positive,
3002,positive,
3003,positive,
3004,negative,
3005,positive,
3006,positive,
3007,negative,
3008,positive,
3009,positive,
3010,positive,
3011,negative,
3012,positive,
3013,positive,
3014,positive,
3015,negative,
3016,negative,
3017,positive,
3018,positive,
3019,positive,
3020,negative,
3021,negative,
3022,positive,
3023,positive,
3024,neutral,
3025,positive,
3026,negative,
3027,positive,
3028,negative,
3029,negative,
3030,negative,
3031,positive,
3032,positive,
3033,neutral,
3034,neutral,
3035,positive,
3036,negative,
3037,negative,
3038,positive,
3039,positive,
3040,positive,
3041,positive,
3042,negative,
3043,positive,
3044,negative,
3045,positive,
3046,neutral,
3047,positive,
3048,positive,
3049,positive,
3050,negative,
3051,positive,
3052,negative,
3053,positive,
3054,positive,
3055,negative,
3056,positive,
3057,negative,
3058,negative,
3059,positive,
3060,positive,
3061,positive,
3062,positive,
3063,negative,
3064,positive,
3065,positive,
3066,negative,
3067,positive,
3068,positive,
3069,positive,
3070,positive,
3071,negative,
3072,positive,
3073,negative,
3074,negative,
3075,positive,
3076,negative,
3077,positive,
3078,positive,
3079,positive,
3080,positive,
3081,negative,
3082,positive,
3083,positive,
3084,positive,
3085,negative,
3086,positive,
3087,negative,
3088,negative,
3089,negative,
3090,positive,
3091,negative,
3092,positive,
3093,positive,
3094,positive,
3095,positive,
3096,positive,
3097,positive,
3098,positive,
3099,positive,
3100,negative,
3101,positive,
3102,positive,
3103,positive,
3104,negative,
3105,negative,
3106,positive,
3107,positive,
3108,negative,
3109,positive,
3110,positive,
3111,negative,
3112,positive,
3113,positive,
3114,negative,
3115,positive,
3116,negative,
3117,positive,
3118,negative,
3119,negative,
3120,positive,
3121,positive,
3122,negative,
3123,positive,
3124,positive,
3125,negative,
3126,positive,
3127,neutral,
3128,positive,
3129,positive,
3130,positive,
3131,positive,
3132,positive,
3133,positive,
3134,negative,
3135,negative,
3136,positive,
3137,positive,
3138,positive,
3139,positive,
3140,negative,
3141,positive,
3142,positive,
3143,positive,
3144,negative,
3145,positive,
3146,positive,
3147,positive,
3148,positive,
3149,negative,
3150,positive,
3151,positive,
3152,positive,
3153,positive,
3154,negative,
3155,negative,
3156,negative,
3157,negative,
3158,positive,
3159,negative,
3160,neutral,
3161,negative,
3162,positive,
3163,positive,
3164,positive,
3165,neutral,
3166,positive,
3167,positive,
3168,positive,
3169,positive,
3170,positive,
3171,positive,
3172,negative,
3173,negative,
3174,positive,
3175,positive,
3176,positive,
3177,negative,
3178,negative,
3179,neutral,
3180,positive,
3181,negative,
3182,positive,
3183,neutral,
3184,positive,
3185,positive,
3186,negative,
3187,positive,
3188,positive,
3189,positive,
3190,positive,
3191,positive,
3192,positive,
3193,positive,
3194,negative,
3195,positive,
3196,negative,
3197,negative,
3198,positive,
3199,positive,
3200,positive,
3201,positive,
3202,positive,
3203,positive,
3204,positive,
3205,positive,
3206,positive,
3207,positive,
3208,positive,
3209,positive,
3210,positive,
3211,positive,
3212,positive,
3213,positive,
3214,positive,
3215,positive,
3216,negative,
3217,positive,
3218,negative,
3219,positive,
3220,positive,
3221,positive,
3222,positive,
3223,positive,
3224,positive,
3225,neutral,
3226,positive,
3227,positive,
3228,positive,
3229,negative,
3230,neutral,
3231,positive,
3232,positive,
3233,neutral,
3234,positive,
3235,negative,
3236,positive,
3237,negative,
3238,positive,
3239,positive,
3240,positive,
3241,negative,
3242,positive,
3243,positive,
3244,negative,
3245,positive,
3246,negative,
3247,positive,
3248,negative,
3249,negative,
3250,positive,
3251,positive,
3252,negative,
3253,positive,
3254,negative,
3255,positive,
3256,neutral,
3257,negative,
3258,positive,
3259,neutral,
3260,positive,
3261,positive,
3262,positive,
3263,positive,
3264,negative,
3265,positive,
3266,positive,
3267,negative,
3268,negative,
3269,positive,
3270,positive,
3271,neutral,
3272,positive,
3273,positive,
3274,positive,
3275,positive,
3276,negative,
3277,positive,
3278,positive,
3279,positive,
3280,negative,
3281,positive,
3282,positive,
3283,positive,
3284,positive,
3285,positive,
3286,negative,
3287,positive,
3288,positive,
3289,negative,
3290,negative,
3291,negative,
3292,positive,
3293,negative,
3294,positive,
3295,positive,
3296,positive,
3297,negative,
3298,positive,
3299,negative,
3300,negative,
3301,negative,
3302,positive,
3303,positive,
3304,positive,
3305,positive,
3306,negative,
3307,positive,
3308,negative,
3309,positive,
3310,positive,
3311,positive,
3312,positive,
3313,positive,
3314,positive,
3315,positive,
3316,negative,
3317,negative,
3318,negative,
3319,neutral,
3320,positive,
3321,negative,
3322,positive,
3323,positive,
3324,neutral,
3325,negative,
3326,positive,
3327,positive,
3328,positive,
3329,positive,
3330,negative,
3331,negative,
3332,positive,
3333,negative,
3334,negative,
3335,negative,
3336,positive,
3337,positive,
3338,negative,
3339,positive,
3340,positive,
3341,positive,
3342,negative,
3343,positive,
3344,negative,
3345,positive,
3346,positive,
3347,positive,
3348,positive,
3349,positive,
3350,negative,
3351,positive,
3352,positive,
3353,negative,
3354,positive,
3355,negative,
3356,positive,
3357,positive,
3358,negative,
3359,negative,
3360,positive,
3361,positive,
3362,positive,
3363,positive,
3364,positive,
3365,positive,
3366,negative,
3367,positive,
3368,negative,
3369,positive,
3370,positive,
3371,positive,
3372,positive,
3373,positive,
3374,negative,
3375,neutral,
3376,positive,
3377,positive,
3378,positive,
3379,positive,
3380,positive,
3381,positive,
3382,positive,
3383,positive,
3384,positive,
3385,negative,
3386,positive,
3387,positive,
3388,positive,
3389,positive,
3390,positive,
3391,neutral,
3392,negative,
3393,positive,
3394,positive,
3395,neutral,
3396,positive,
3397,positive,
3398,positive,
3399,negative,
3400,neutral,
3401,positive,
3402,positive,
3403,positive,
3404,positive,
3405,positive,
3406,negative,
3407,positive,
3408,negative,
3409,neutral,
3410,negative,
3411,negative,
3412,positive,
3413,positive,
3414,positive,
3415,positive,
3416,positive,
3417,negative,
3418,positive,
3419,positive,
3420,neutral,
3421,positive,
3422,positive,
3423,positive,
3424,positive,
3425,positive,
3426,positive,
3427,positive,
3428,negative,
3429,positive,
3430,positive,
3431,positive,
3432,positive,
3433,positive,
3434,negative,
3435,negative,
3436,positive,
3437,positive,
3438,positive,
3439,positive,
3440,positive,
3441,positive,
3442,positive,
3443,positive,
3444,neutral,
3445,positive,
3446,positive,
3447,positive,
3448,positive,
3449,positive,
3450,positive,
3451,negative,
3452,positive,
3453,positive,
3454,positive,
3455,neutral,
3456,negative,
3457,positive,
3458,positive,
3459,positive,
3460,negative,
3461,neutral,
3462,negative,
3463,positive,
3464,negative,
3465,positive,
3466,negative,
3467,positive,
3468,positive,
3469,positive,
3470,positive,
3471,positive,
3472,negative,
3473,positive,
3474,positive,
3475,negative,
3476,positive,
3477,negative,
3478,positive,
3479,positive,
3480,positive,
3481,negative,
3482,negative,
3483,positive,
3484,negative,
3485,positive,
3486,negative,
3487,positive,
3488,positive,
3489,positive,
3490,positive,
3491,positive,
3492,positive,
3493,positive,
3494,negative,
3495,negative,
3496,positive,
3497,positive,
3498,positive,
3499,positive,
3500,positive,
3501,positive,
3502,positive,
3503,positive,
3504,negative,
3505,positive,
3506,positive,
3507,negative,
3508,negative,
3509,positive,
3510,positive,
3511,positive,
3512,positive,
3513,negative,
3514,positive,
3515,positive,
3516,negative,
3517,negative,
3518,negative,
3519,positive,
3520,negative,
3521,positive,
3522,positive,
3523,positive,
3524,positive,
3525,positive,
3526,negative,
3527,positive,
3528,positive,
3529,positive,
3530,negative,
3531,negative,
3532,positive,
3533,positive,
3534,positive,
3535,negative,
3536,positive,
3537,positive,
3538,positive,
3539,positive,
3540,positive,
3541,positive,
3542,negative,
3543,positive,
3544,negative,
3545,positive,
3546,positive,
3547,positive,
3548,positive,
3549,positive,
3550,positive,
3551,positive,
3552,positive,
3553,positive,
3554,positive,
3555,negative,
3556,negative,
3557,positive,
3558,positive,
3559,negative,
3560,positive,
3561,positive,
3562,positive,
3563,positive,
3564,positive,
3565,positive,
3566,negative,
3567,neutral,
3568,positive,
3569,positive,
3570,positive,
3571,negative,
3572,positive,
3573,negative,
3574,positive,
3575,positive,
3576,positive,
3577,positive,
3578,negative,
3579,negative,
3580,positive,
3581,positive,
3582,positive,
3583,positive,
3584,positive,
3585,positive,
3586,positive,
3587,negative,
3588,negative,
3589,negative,
3590,positive,
3591,negative,
3592,positive,
3593,negative,
3594,positive,
3595,positive,
3596,positive,
3597,positive,
3598,positive,
3599,positive,
3600,positive,
3601,positive,
3602,negative,
3603,negative,
3604,neutral,
3605,positive,
3606,negative,
3607,positive,
3608,positive,
3609,positive,
3610,positive,
3611,negative,
3612,positive,
3613,positive,
3614,positive,
3615,positive,
3616,positive,
3617,negative,
3618,positive,
3619,positive,
3620,negative,
3621,negative,
3622,positive,
3623,negative,
3624,negative,
3625,negative,
3626,positive,
3627,negative,
3628,positive,
3629,negative,
3630,positive,
3631,negative,
3632,positive,
3633,positive,
3634,positive,
3635,positive,
3636,positive,
3637,positive,
3638,negative,
3639,positive,
3640,positive,
3641,positive,
3642,positive,
3643,positive,
3644,positive,
3645,positive,
3646,positive,
3647,negative,
3648,positive,
3649,positive,
3650,negative,
3651,positive,
3652,positive,
3653,positive,
3654,positive,
3655,negative,
3656,positive,
3657,positive,
3658,positive,
3659,negative,
3660,negative,
3661,positive,
3662,negative,
3663,negative,
3664,positive,
3665,negative,
3666,positive,
3667,negative,
3668,neutral,
3669,positive,
3670,negative,
3671,positive,
3672,positive,
3673,positive,
3674,positive,
3675,neutral,
3676,negative,
3677,positive,
3678,negative,
3679,positive,
3680,positive,
3681,negative,
3682,negative,
3683,positive,
3684,positive,
3685,negative,
3686,positive,
3687,positive,
3688,positive,
3689,positive,
3690,positive,
3691,negative,
3692,negative,
3693,positive,
3694,negative,
3695,negative,
3696,positive,
3697,positive,
3698,positive,
3699,positive,
3700,positive,
3701,positive,
3702,negative,
3703,negative,
3704,positive,
3705,positive,
3706,positive,
3707,negative,
3708,positive,
3709,negative,
3710,positive,
3711,positive,
3712,negative,
3713,negative,
3714,positive,
3715,positive,
3716,positive,
3717,positive,
3718,positive,
3719,negative,
3720,negative,
3721,positive,
3722,positive,
3723,positive,
3724,positive,
3725,positive,
3726,positive,
3727,positive,
3728,positive,
3729,negative,
3730,negative,
3731,negative,
3732,positive,
3733,positive,
3734,positive,
3735,negative,
3736,positive,
3737,negative,
3738,positive,
3739,positive,
3740,positive,
3741,positive,
3742,positive,
3743,negative,
3744,positive,
3745,positive,
3746,positive,
3747,positive,
3748,negative,
3749,negative,
3750,positive,
3751,positive,
3752,positive,
3753,positive,
3754,negative,
3755,positive,
3756,positive,
3757,positive,
3758,positive,
3759,neutral,
3760,negative,
3761,positive,
3762,positive,
3763,positive,
3764,negative,
3765,negative,
3766,positive,
3767,positive,
3768,negative,
3769,positive,
3770,positive,
3771,negative,
3772,negative,
3773,positive,
3774,positive,
3775,positive,
3776,negative,
3777,positive,
3778,positive,
3779,positive,
3780,positive,
3781,negative,
3782,positive,
3783,neutral,
3784,positive,
3785,positive,
3786,positive,
3787,negative,
3788,negative,
3789,negative,
3790,negative,
3791,positive,
3792,positive,
3793,positive,
3794,negative,
3795,negative,
3796,positive,
3797,positive,
3798,positive,
3799,positive,
3800,negative,
3801,positive,
3802,negative,
3803,positive,
3804,positive,
3805,negative,
3806,positive,
3807,positive,
3808,positive,
3809,positive,
3810,positive,
3811,positive,
3812,positive,
3813,negative,
3814,negative,
3815,positive,
3816,positive,
3817,negative,
3818,positive,
3819,negative,
3820,positive,
3821,negative,
3822,negative,
3823,positive,
3824,negative,
3825,negative,
3826,positive,
3827,positive,
3828,positive,
3829,positive,
3830,positive,
3831,positive,
3832,negative,
3833,positive,
3834,negative,
3835,positive,
3836,neutral,
3837,neutral,
3838,positive,
3839,positive,
3840,positive,
3841,positive,
3842,positive,
3843,positive,
3844,positive,
3845,positive,
3846,positive,
3847,positive,
3848,positive,
3849,positive,
3850,positive,
3851,positive,
3852,positive,
3853,neutral,
3854,negative,
3855,negative,
3856,negative,
3857,positive,
3858,positive,
3859,positive,
3860,positive,
3861,positive,
3862,positive,
3863,positive,
3864,positive,
3865,positive,
3866,positive,
3867,negative,
3868,positive,
3869,positive,
3870,positive,
3871,positive,
3872,positive,
3873,positive,
3874,positive,
3875,positive,
3876,negative,
3877,positive,
3878,negative,
3879,positive,
3880,positive,
3881,neutral,
3882,positive,
3883,positive,
3884,negative,
3885,positive,
3886,positive,
3887,positive,
3888,negative,
3889,positive,
3890,positive,
3891,positive,
3892,negative,
3893,negative,
3894,positive,
3895,positive,
3896,positive,
3897,negative,
3898,negative,
3899,positive,
3900,positive,
3901,positive,
3902,negative,
3903,negative,
3904,positive,
3905,positive,
3906,positive,
3907,negative,
3908,positive,
3909,positive,
3910,positive,
3911,positive,
3912,positive,
3913,negative,
3914,positive,
3915,negative,
3916,positive,
3917,positive,
3918,negative,
3919,negative,
3920,negative,
3921,negative,
3922,positive,
3923,positive,
3924,negative,
3925,neutral,
3926,positive,
3927,positive,
3928,positive,
3929,positive,
3930,positive,
3931,positive,
3932,positive,
3933,positive,
3934,positive,
3935,positive,
3936,positive,
3937,positive,
3938,positive,
3939,positive,
3940,negative,
3941,positive,
3942,positive,
3943,negative,
3944,neutral,
3945,negative,
3946,positive,
3947,positive,
3948,positive,
3949,positive,
3950,positive,
3951,positive,
3952,positive,
3953,positive,
3954,positive,
3955,positive,
3956,positive,
3957,positive,
3958,negative,
3959,negative,
3960,positive,
3961,positive,
3962,positive,
3963,negative,
3964,positive,
3965,positive,
3966,positive,
3967,positive,
3968,negative,
3969,neutral,
3970,positive,
3971,negative,
3972,negative,
3973,positive,
3974,positive,
3975,positive,
3976,positive,
3977,positive,
3978,positive,
3979,negative,
3980,positive,
3981,negative,
3982,positive,
3983,positive,
3984,positive,
3985,positive,
3986,positive,
3987,positive,
3988,negative,
3989,positive,
3990,positive,
3991,positive,
3992,positive,
3993,negative,
3994,positive,
3995,positive,
3996,positive,
3997,positive,
3998,positive,
3999,positive,
4000,positive,
4001,positive,
4002,negative,
4003,positive,
4004,positive,
4005,positive,
4006,positive,
4007,positive,
4008,positive,
4009,positive,
4010,positive,
4011,positive,
4012,positive,
4013,positive,
4014,positive,
4015,positive,
4016,positive,
4017,negative,
4018,positive,
4019,positive,
4020,negative,
4021,positive,
4022,positive,
4023,positive,
4024,negative,
4025,negative,
4026,positive,
4027,positive,
4028,positive,
4029,positive,
4030,negative,
4031,positive,
4032,positive,
4033,positive,
4034,positive,
4035,positive,
4036,negative,
4037,positive,
4038,positive,
4039,negative,
4040,positive,
4041,neutral,
4042,positive,
4043,positive,
4044,positive,
4045,positive,
4046,positive,
4047,negative,
4048,positive,
4049,negative,
4050,positive,
4051,negative,
4052,positive,
4053,positive,
4054,positive,
4055,positive,
4056,positive,
4057,positive,
4058,positive,
4059,negative,
4060,negative,
4061,positive,
4062,positive,
4063,positive,
4064,positive,
4065,negative,
4066,positive,
4067,positive,
4068,positive,
4069,negative,
4070,positive,
4071,negative,
4072,positive,
4073,positive,
4074,positive,
4075,positive,
4076,negative,
4077,negative,
4078,positive,
4079,positive,
4080,negative,
4081,positive,
4082,positive,
4083,positive,
4084,positive,
4085,positive,
4086,positive,
4087,negative,
4088,positive,
4089,positive,
4090,positive,
4091,positive,
4092,positive,
4093,negative,
4094,negative,
4095,negative,
4096,positive,
4097,negative,
4098,negative,
4099,positive,
4100,positive,
4101,negative,
4102,positive,
4103,negative,
4104,negative,
4105,positive,
4106,positive,
4107,negative,
4108,positive,
4109,negative,
4110,positive,
4111,positive,
4112,positive,
4113,positive,
4114,positive,
4115,positive,
4116,positive,
4117,negative,
4118,negative,
4119,positive,
4120,negative,
4121,neutral,
4122,positive,
4123,positive,
4124,positive,
4125,negative,
4126,positive,
4127,positive,
4128,positive,
4129,positive,
4130,positive,
4131,positive,
4132,positive,
4133,positive,
4134,negative,
4135,positive,
4136,negative,
4137,positive,
4138,positive,
4139,positive,
4140,negative,
4141,negative,
4142,negative,
4143,positive,
4144,positive,
4145,negative,
4146,positive,
4147,negative,
4148,negative,
4149,negative,
4150,positive,
4151,positive,
4152,positive,
4153,negative,
4154,neutral,
4155,negative,
4156,positive,
4157,positive,
4158,positive,
4159,positive,
4160,negative,
4161,positive,
4162,positive,
4163,positive,
4164,positive,
4165,negative,
4166,positive,
4167,negative,
4168,positive,
4169,positive,
4170,neutral,
4171,negative,
4172,positive,
4173,positive,
4174,positive,
4175,positive,
4176,positive,
4177,positive,
4178,positive,
4179,positive,
4180,negative,
4181,negative,
4182,positive,
4183,negative,
4184,negative,
4185,positive,
4186,negative,
4187,positive,
4188,positive,
4189,positive,
4190,positive,
4191,positive,
4192,negative,
4193,positive,
4194,positive,
4195,positive,
4196,positive,
4197,positive,
4198,positive,
4199,positive,
4200,positive,
4201,negative,
4202,positive,
4203,positive,
4204,positive,
4205,negative,
4206,positive,
4207,positive,
4208,negative,
4209,positive,
4210,positive,
4211,positive,
4212,neutral,
4213,positive,
4214,negative,
4215,positive,
4216,negative,
4217,positive,
4218,positive,
4219,positive,
4220,negative,
4221,positive,
4222,positive,
4223,positive,
4224,negative,
4225,negative,
4226,negative,
4227,positive,
4228,negative,
4229,positive,
4230,positive,
4231,positive,
4232,positive,
4233,positive,
4234,positive,
4235,positive,
4236,positive,
4237,positive,
4238,positive,
4239,negative,
4240,positive,
4241,positive,
4242,negative,
4243,positive,
4244,positive,
4245,positive,
4246,negative,
4247,positive,
4248,positive,
4249,negative,
4250,positive,
4251,positive,
4252,negative,
4253,positive,
4254,positive,
4255,positive,
4256,positive,
4257,positive,
4258,neutral,
4259,positive,
4260,positive,
4261,negative,
4262,positive,
4263,negative,
4264,neutral,
4265,positive,
4266,positive,
4267,positive,
4268,negative,
4269,positive,
4270,positive,
4271,positive,
4272,positive,
4273,positive,
4274,positive,
4275,positive,
4276,positive,
4277,positive,
4278,positive,
4279,negative,
4280,positive,
4281,negative,
4282,positive,
4283,negative,
4284,positive,
4285,negative,
4286,negative,
4287,positive,
4288,negative,
4289,negative,
4290,positive,
4291,positive,
4292,positive,
4293,positive,
4294,positive,
4295,positive,
4296,negative,
4297,negative,
4298,positive,
4299,negative,
4300,negative,
4301,negative,
4302,negative,
4303,negative,
4304,positive,
4305,negative,
4306,positive,
4307,positive,
4308,positive,
4309,negative,
4310,positive,
4311,positive,
4312,positive,
4313,positive,
4314,positive,
4315,positive,
4316,neutral,
4317,positive,
4318,positive,
4319,positive,
4320,negative,
4321,positive,
4322,negative,
4323,positive,
4324,negative,
4325,positive,
4326,negative,
4327,positive,
4328,positive,
4329,positive,
4330,positive,
4331,positive,
4332,positive,
4333,negative,
4334,positive,
4335,positive,
4336,positive,
4337,positive,
4338,positive,
4339,negative,
4340,positive,
4341,positive,
4342,positive,
4343,positive,
4344,positive,
4345,positive,
4346,positive,
4347,positive,
4348,positive,
4349,positive,
4350,positive,
4351,positive,
4352,positive,
4353,positive,
4354,positive,
4355,positive,
4356,positive,
4357,positive,
4358,positive,
4359,positive,
4360,positive,
4361,negative,
4362,positive,
4363,positive,
4364,positive,
4365,negative,
4366,positive,
4367,positive,
4368,negative,
4369,positive,
4370,positive,
4371,positive,
4372,positive,
4373,positive,
4374,positive,
4375,positive,
4376,positive,
4377,positive,
4378,positive,
4379,positive,
4380,negative,
4381,positive,
4382,positive,
4383,positive,
4384,positive,
4385,negative,
4386,positive,
4387,positive,
4388,positive,
4389,negative,
4390,negative,
4391,positive,
4392,positive,
4393,neutral,
4394,positive,
4395,positive,
4396,positive,
4397,positive,
4398,positive,
4399,positive,
4400,positive,
4401,negative,
4402,positive,
4403,positive,
4404,positive,
4405,positive,
4406,positive,
4407,negative,
4408,positive,
4409,positive,
4410,positive,
4411,positive,
4412,negative,
4413,negative,
4414,positive,
4415,positive,
4416,positive,
4417,positive,
4418,positive,
4419,negative,
4420,positive,
4421,positive,
4422,positive,
4423,positive,
4424,positive,
4425,positive,
4426,positive,
4427,negative,
4428,positive,
4429,positive,
4430,negative,
4431,negative,
4432,positive,
4433,positive,
4434,positive,
4435,positive,
4436,positive,
4437,negative,
4438,negative,
4439,positive,
4440,positive,
4441,positive,
4442,positive,
4443,positive,
4444,positive,
4445,positive,
4446,positive,
4447,positive,
4448,positive,
4449,positive,
4450,positive,
4451,positive,
4452,positive,
4453,negative,
4454,positive,
4455,positive,
4456,negative,
4457,positive,
4458,negative,
4459,positive,
4460,positive,
4461,positive,
4462,positive,
4463,negative,
4464,positive,
4465,positive,
4466,negative,
4467,positive,
4468,positive,
4469,positive,
4470,positive,
4471,positive,
4472,negative,
4473,positive,
4474,negative,
4475,negative,
4476,positive,
4477,positive,
4478,positive,
4479,negative,
4480,positive,
4481,positive,
4482,positive,
4483,positive,
4484,positive,
4485,positive,
4486,positive,
4487,positive,
4488,positive,
4489,positive,
4490,positive,
4491,neutral,
4492,negative,
4493,positive,
4494,positive,
4495,positive,
4496,negative,
4497,positive,
4498,negative,
4499,positive,
4500,positive,
4501,negative,
4502,positive,
4503,negative,
4504,neutral,
4505,negative,
4506,negative,
4507,neutral,
4508,positive,
4509,positive,
4510,positive,
4511,positive,
4512,positive,
4513,positive,
4514,positive,
4515,positive,
4516,negative,
4517,positive,
4518,positive,
4519,neutral,
4520,positive,
4521,neutral,
4522,positive,
4523,positive,
4524,positive,
4525,positive,
4526,positive,
4527,positive,
4528,positive,
4529,positive,
4530,negative,
4531,positive,
4532,negative,
4533,negative,
4534,negative,
4535,positive,
4536,positive,
4537,negative,
4538,positive,
4539,positive,
4540,positive,
4541,positive,
4542,positive,
4543,positive,
4544,negative,
4545,negative,
4546,positive,
4547,negative,
4548,positive,
4549,positive,
4550,positive,
4551,positive,
4552,positive,
4553,positive,
4554,positive,
4555,negative,
4556,positive,
4557,negative,
4558,positive,
4559,positive,
4560,positive,
4561,positive,
4562,positive,
4563,positive,
4564,positive,
4565,positive,
4566,negative,
4567,positive,
4568,negative,
4569,positive,
4570,positive,
4571,positive,
4572,positive,
4573,negative,
4574,negative,
4575,negative,
4576,positive,
4577,negative,
4578,positive,
4579,positive,
4580,positive,
4581,negative,
4582,positive,
4583,negative,
4584,negative,
4585,negative,
4586,negative,
4587,positive,
4588,positive,
4589,positive,
4590,negative,
4591,positive,
4592,positive,
4593,positive,
4594,positive,
4595,positive,
4596,positive,
4597,negative,
4598,positive,
4599,positive,
4600,positive,
4601,positive,
4602,positive,
4603,positive,
4604,positive,
4605,positive,
4606,positive,
4607,negative,
4608,positive,
4609,negative,
4610,negative,
4611,positive,
4612,negative,
4613,negative,
4614,positive,
4615,negative,
4616,positive,
4617,positive,
4618,positive,
4619,positive,
4620,positive,
4621,positive,
4622,positive,
4623,positive,
4624,positive,
4625,negative,
4626,positive,
4627,negative,
4628,positive,
4629,negative,
4630,negative,
4631,positive,
4632,negative,
4633,positive,
4634,negative,
4635,positive,
4636,negative,
4637,positive,
4638,positive,
4639,positive,
4640,positive,
4641,negative,
4642,positive,
4643,positive,
4644,negative,
4645,positive,
4646,negative,
4647,positive,
4648,positive,
4649,negative,
4650,positive,
4651,positive,
4652,positive,
4653,positive,
4654,positive,
4655,positive,
4656,positive,
4657,positive,
4658,positive,
4659,positive,
4660,negative,
4661,negative,
4662,positive,
4663,positive,
4664,positive,
4665,positive,
4666,negative,
4667,positive,
4668,positive,
4669,positive,
4670,positive,
4671,neutral,
4672,neutral,
4673,negative,
4674,positive,
4675,positive,
4676,negative,
4677,negative,
4678,negative,
4679,negative,
4680,positive,
4681,positive,
4682,negative,
4683,negative,
4684,positive,
4685,positive,
4686,positive,
4687,negative,
4688,positive,
4689,negative,
4690,positive,
4691,positive,
4692,positive,
4693,neutral,
4694,positive,
4695,positive,
4696,positive,
4697,positive,
4698,positive,
4699,positive,
4700,positive,
4701,negative,
4702,positive,
4703,positive,
4704,positive,
4705,negative,
4706,positive,
4707,positive,
4708,positive,
4709,positive,
4710,positive,
4711,positive,
4712,negative,
4713,positive,
4714,positive,
4715,positive,
4716,negative,
4717,positive,
4718,positive,
4719,positive,
4720,positive,
4721,positive,
4722,positive,
4723,positive,
4724,positive,
4725,positive,
4726,negative,
4727,positive,
4728,positive,
4729,positive,
4730,positive,
4731,positive,
4732,negative,
4733,positive,
4734,negative,
4735,negative,
4736,positive,
4737,positive,
4738,negative,
4739,positive,
4740,positive,
4741,positive,
4742,positive,
4743,positive,
4744,positive,
4745,negative,
4746,negative,
4747,negative,
4748,positive,
4749,positive,
4750,positive,
4751,negative,
4752,positive,
4753,negative,
4754,negative,
4755,positive,
4756,positive,
4757,neutral,
4758,positive,
4759,positive,
4760,negative,
4761,negative,
4762,positive,
4763,positive,
4764,positive,
4765,positive,
4766,positive,
4767,positive,
4768,positive,
4769,positive,
4770,positive,
4771,positive,
4772,negative,
4773,positive,
4774,positive,
4775,positive,
4776,positive,
4777,positive,
4778,negative,
4779,positive,
4780,positive,
4781,positive,
4782,positive,
4783,positive,
4784,positive,
4785,positive,
4786,negative,
4787,positive,
4788,positive,
4789,positive,
4790,negative,
4791,negative,
4792,positive,
4793,negative,
4794,negative,
4795,positive,
4796,positive,
4797,positive,
4798,positive,
4799,positive,
4800,positive,
4801,positive,
4802,negative,
4803,positive,
4804,negative,
4805,positive,
4806,negative,
4807,positive,
4808,positive,
4809,negative,
4810,negative,
4811,positive,
4812,positive,
4813,positive,
4814,positive,
4815,positive,
4816,positive,
4817,positive,
4818,positive,
4819,positive,
4820,positive,
4821,positive,
4822,positive,
4823,negative,
4824,positive,
4825,positive,
4826,positive,
4827,negative,
4828,positive,
4829,negative,
4830,positive,
4831,negative,
4832,positive,
4833,negative,
4834,positive,
4835,positive,
4836,negative,
4837,positive,
4838,positive,
4839,positive,
4840,positive,
4841,positive,
4842,positive,
4843,negative,
4844,positive,
4845,positive,
4846,positive,
4847,positive,
4848,positive,
4849,positive,
4850,negative,
4851,negative,
4852,positive,
4853,negative,
4854,positive,
4855,neutral,
4856,neutral,
4857,negative,
4858,positive,
4859,negative,
4860,negative,
4861,positive,
4862,positive,
4863,positive,
4864,positive,
4865,positive,
4866,positive,
4867,positive,
4868,positive,
4869,negative,
4870,positive,
4871,negative,
4872,negative,
4873,positive,
4874,positive,
4875,positive,
4876,positive,
4877,positive,
4878,negative,
4879,negative,
4880,positive,
4881,negative,
4882,positive,
4883,positive,
4884,positive,
4885,positive,
4886,positive,
4887,positive,
4888,positive,
4889,positive,
4890,positive,
4891,positive,
4892,positive,
4893,positive,
4894,positive,
4895,positive,
4896,positive,
4897,positive,
4898,negative,
4899,positive,
4900,positive,
4901,positive,
4902,positive,
4903,positive,
4904,neutral,
4905,positive,
4906,positive,
4907,positive,
4908,neutral,
4909,positive,
4910,positive,
4911,negative,
4912,positive,
4913,positive,
4914,positive,
4915,neutral,
4916,positive,
4917,neutral,
4918,positive,
4919,positive,
4920,negative,
4921,positive,
4922,negative,
4923,positive,
4924,negative,
4925,negative,
4926,positive,
4927,positive,
4928,positive,
4929,positive,
4930,negative,
4931,positive,
4932,positive,
4933,positive,
4934,positive,
4935,positive,
4936,neutral,
4937,negative,
4938,positive,
4939,negative,
4940,positive,
4941,positive,
4942,negative,
4943,positive,
4944,positive,
4945,negative,
4946,positive,
4947,negative,
4948,negative,
4949,positive,
4950,negative,
4951,negative,
4952,positive,
4953,positive,
4954,negative,
4955,positive,
4956,positive,
4957,positive,
4958,neutral,
4959,positive,
4960,positive,
4961,positive,
4962,neutral,
4963,positive,
4964,positive,
4965,positive,
4966,positive,
4967,negative,
4968,negative,
4969,negative,
4970,positive,
4971,positive,
4972,positive,
4973,positive,
4974,negative,
4975,positive,
4976,neutral,
4977,negative,
4978,positive,
4979,positive,
4980,positive,
4981,negative,
4982,neutral,
4983,negative,
4984,positive,
4985,positive,
4986,negative,
4987,negative,
4988,positive,
4989,positive,
4990,positive,
4991,negative,
4992,negative,
4993,positive,
4994,neutral,
4995,negative,
4996,positive,
4997,positive,
4998,positive,
4999,negative,
5000,positive,
